dataset,rows,bytes,system,threads,median_s,min_s,reps
tpch_qty,6001215,4547249,cpu_exact,1,0.106000,0.104000,7
tpch_qty,6001215,4547249,cpu_hist,1,0.460000,0.407000,7
tpch_qty,6001215,4547249,cpu_exact,4,0.072000,0.071000,7
tpch_qty,6001215,4547249,cpu_hist,4,0.226000,0.199000,7
tpch_qty,6001215,4547249,cpu_exact,16,0.036000,0.035000,7
tpch_qty,6001215,4547249,cpu_hist,16,0.179000,0.145000,7
tpch_qty,6001215,4547249,cpu_exact,32,0.032000,0.029000,7
tpch_qty,6001215,4547249,cpu_hist,32,0.168000,0.115000,7
tpch_qty,6001215,4547249,fpga,32,0.019000,0.018000,7
taxi_d1,2964624,3965929,cpu_exact,1,0.071000,0.070000,7
taxi_d1,2964624,3965929,cpu_hist,1,0.220000,0.210000,7
taxi_d1,2964624,3965929,cpu_exact,4,0.055000,0.053000,7
taxi_d1,2964624,3965929,cpu_hist,4,0.124000,0.111000,7
taxi_d1,2964624,3965929,cpu_exact,16,0.027000,0.025000,7
taxi_d1,2964624,3965929,cpu_hist,16,0.093000,0.085000,7
taxi_d1,2964624,3965929,cpu_exact,32,0.025000,0.024000,7
taxi_d1,2964624,3965929,cpu_hist,32,0.087000,0.073000,7
taxi_d1,2964624,3965929,fpga,32,0.013000,0.012000,7
taxi_d2,5972150,8017090,cpu_exact,1,0.130000,0.129000,7
taxi_d2,5972150,8017090,cpu_hist,1,0.445000,0.423000,7
taxi_d2,5972150,8017090,cpu_exact,4,0.078000,0.077000,7
taxi_d2,5972150,8017090,cpu_hist,4,0.247000,0.220000,7
taxi_d2,5972150,8017090,cpu_exact,16,0.039000,0.038000,7
taxi_d2,5972150,8017090,cpu_hist,16,0.162000,0.157000,7
taxi_d2,5972150,8017090,cpu_exact,32,0.035000,0.034000,7
taxi_d2,5972150,8017090,cpu_hist,32,0.166000,0.105000,7
taxi_d2,5972150,8017090,fpga,32,0.023000,0.022000,7
taxi_d3,13069067,17785519,cpu_exact,1,0.269000,0.263000,7
taxi_d3,13069067,17785519,cpu_hist,1,1.045000,0.933000,7
taxi_d3,13069067,17785519,cpu_exact,4,0.117000,0.116000,7
taxi_d3,13069067,17785519,cpu_hist,4,0.445000,0.389000,7
taxi_d3,13069067,17785519,cpu_exact,16,0.069000,0.067000,7
taxi_d3,13069067,17785519,cpu_hist,16,0.362000,0.305000,7
taxi_d3,13069067,17785519,cpu_exact,32,0.059000,0.055000,7
taxi_d3,13069067,17785519,cpu_hist,32,0.327000,0.252000,7
taxi_d3,13069067,17785519,fpga,32,0.044000,0.043000,7
taxi_d4,20332093,27875548,cpu_exact,1,0.439000,0.417000,7
taxi_d4,20332093,27875548,cpu_hist,1,1.744000,1.657000,7
taxi_d4,20332093,27875548,cpu_exact,4,0.157000,0.153000,7
taxi_d4,20332093,27875548,cpu_hist,4,0.861000,0.789000,7
taxi_d4,20332093,27875548,cpu_exact,16,0.088000,0.087000,7
taxi_d4,20332093,27875548,cpu_hist,16,0.631000,0.616000,7
taxi_d4,20332093,27875548,cpu_exact,32,0.081000,0.076000,7
taxi_d4,20332093,27875548,cpu_hist,32,0.623000,0.512000,7
taxi_d4,20332093,27875548,fpga,32,0.063000,0.062000,7
tpch_extprice,6001215,31000037,cpu_exact,1,0.634000,0.620000,7
tpch_extprice,6001215,31000037,cpu_hist,1,0.485000,0.459000,7
tpch_extprice,6001215,31000037,cpu_exact,4,0.238000,0.235000,7
tpch_extprice,6001215,31000037,cpu_hist,4,0.247000,0.220000,7
tpch_extprice,6001215,31000037,cpu_exact,16,0.102000,0.097000,7
tpch_extprice,6001215,31000037,cpu_hist,16,0.170000,0.138000,7
tpch_extprice,6001215,31000037,cpu_exact,32,0.102000,0.099000,7
tpch_extprice,6001215,31000037,cpu_hist,32,0.175000,0.131000,7
tpch_extprice,6001215,31000037,fpga,32,0.051000,0.051000,7
tpch_extprice_sf10,59986052,309899406,cpu_exact,1,4.367000,4.147000,7
tpch_extprice_sf10,59986052,309899406,cpu_hist,1,5.406000,5.298000,7
tpch_extprice_sf10,59986052,309899406,cpu_exact,4,1.395000,1.279000,7
tpch_extprice_sf10,59986052,309899406,cpu_hist,4,2.632000,2.478000,7
tpch_extprice_sf10,59986052,309899406,cpu_exact,16,0.528000,0.489000,7
tpch_extprice_sf10,59986052,309899406,cpu_hist,16,1.808000,1.648000,7
tpch_extprice_sf10,59986052,309899406,cpu_exact,32,0.483000,0.474000,7
tpch_extprice_sf10,59986052,309899406,cpu_hist,32,1.842000,1.414000,7
tpch_extprice_sf10,59986052,309899406,fpga,32,0.448000,0.447000,7
