rows,expect,fpga_e2e_s,cpu_e2e_s,fpga_op_ms,cpu_op_ms,fpga_ms_per_mrow,cpu_ms_per_mrow,fpga_gbs,fpga_cpu_speedup,fpga_decode_ms,fpga_passes_ms,fpga_cpu_seconds,cpu_cpu_seconds,flags_ok
1000000,1000,0.011000000000000001,0.05033333333333334,7.696666666666668,47.306666666666665,7.696666666666668,47.306666666666665,1.0394110004330877,6.146383715894325,5.34,1.383333333333333,0.019302,0.2594053333333333,ok
3000000,3000,0.018,0.051666666666666666,13.950000000000001,48.723333333333336,4.65,16.241111111111113,1.7204301075268817,3.4927120669056153,9.213333333333333,3.91,0.029672666666666667,0.43071366666666666,ok
6000000,6000,0.028333333333333335,0.08933333333333333,23.686666666666667,84.94666666666667,3.947777777777778,14.15777777777778,2.0264565156206023,3.586265128060794,15.286666666666667,7.75,0.06375133333333333,0.5593146666666666,ok
10000000,10000,0.042,0.09666666666666668,36.46666666666666,91.62666666666667,3.646666666666666,9.162666666666667,2.193784277879342,2.5126142595978065,22.91333333333333,12.783333333333333,0.11969999999999999,0.7022826666666666,ok
20000000,20000,0.079,0.133,70.79666666666667,126.95333333333333,3.539833333333333,6.347666666666667,2.259993408352559,1.7932106031357409,44.28666666666666,25.71666666666667,0.24481766666666668,1.1161023333333333,ok
40000000,40000,0.14533333333333331,0.2273333333333333,135.08,218.28666666666663,3.3770000000000002,5.457166666666666,2.368966538347646,1.6159806534399364,83.3,51.166666666666664,0.4399726666666666,1.8132020000000002,ok
60000000,60000,0.21733333333333335,0.3133333333333333,204.20000000000002,302.73333333333335,3.4033333333333338,5.045555555555556,2.3506366307541624,1.4825334639242571,126.77333333333333,76.76,0.6862720000000001,2.5829660000000003,ok
80000000,80000,0.28533333333333327,0.38199999999999995,270.1366666666666,369.10666666666674,3.3767083333333323,4.613833333333334,2.3691711602768972,1.3663701089571951,167.97,101.47333333333334,0.9902743333333334,3.306950333333333,ok
100000000,100000,0.35566666666666663,0.4603333333333333,337.25333333333333,444.6166666666666,3.372533333333333,4.446166666666667,2.372104056297936,1.3183462481220842,209.42666666666665,127.17333333333333,1.0919510000000001,4.107187333333333,ok
