rows,expect,fpga_e2e_s,cpu_e2e_s,fpga_op_ms,cpu_op_ms,fpga_ms_per_mrow,cpu_ms_per_mrow,fpga_gbs,fpga_cpu_speedup,fpga_decode_ms,fpga_passes_ms,fpga_cpu_seconds,cpu_cpu_seconds,pass1,sink,fused,flags_ok
1000000,1000,0.015,0.04966666666666667,11.583333333333334,46.826666666666675,11.583333333333334,46.826666666666675,0.6906474820143884,4.042589928057555,4.56,0.7466666666666667,0.006450333333333333,0.25420000000000004,fused,stream,True,ok
3000000,3000,0.021666666666666667,0.051333333333333335,17.71,47.98333333333333,5.903333333333333,15.994444444444442,1.3551665725578768,2.709392057218144,7.776666666666667,2.01,0.032858000000000005,0.451419,fused,stream,True,ok
6000000,6000,0.02866666666666667,0.09000000000000001,23.816666666666666,85.50999999999999,3.9694444444444446,14.251666666666665,2.0153953813855843,3.5903428971308604,12.196666666666665,3.926666666666667,0.054332,0.559352,fused,stream,True,ok
10000000,10000,0.036,0.10233333333333333,31.643333333333334,97.42333333333333,3.1643333333333334,9.742333333333333,2.5281786579584957,3.078794901506373,18.103333333333335,6.466666666666666,0.067689,0.664016,fused,stream,True,ok
20000000,20000,0.06,0.13,53.43000000000001,123.98,2.6715000000000004,6.199,2.994572337638031,2.320419240127269,33.586666666666666,12.813333333333334,0.11222433333333333,1.122617,fused,stream,True,ok
40000000,40000,0.10666666666666667,0.23399999999999999,97.27666666666666,225.88333333333333,2.4319166666666665,5.647083333333333,3.2895864030428683,2.322071068772916,65.10000000000001,25.743333333333336,0.18774933333333332,1.8921713333333334,fused,stream,True,ok
60000000,60000,0.15433333333333332,0.3153333333333333,142.39333333333335,304.8066666666667,2.3732222222222226,5.080111111111111,3.3709443325998407,2.140596469872185,96.93666666666667,38.36333333333334,0.28188166666666664,2.55642,fused,stream,True,ok
80000000,80000,0.19966666666666666,0.405,184.73333333333335,391.50333333333333,2.309166666666667,4.893791666666667,3.4644532659689635,2.119289065319379,126.90666666666668,51.093333333333334,0.3577896666666667,3.3005816666666665,fused,stream,True,ok
100000000,100000,0.24866666666666667,0.464,229.72333333333333,447.17333333333335,2.2972333333333332,4.471733333333334,3.4824499035071175,1.9465734143970284,158.57333333333335,63.803333333333335,0.44962966666666665,4.139531666666667,fused,stream,True,ok
